Reference	EMN001	TAF017	VLC001
k141_67490	48	348	5006
k141_17777	0	2	2700
k141_166928	4	5	2798
k141_156287	2	2	2094
k141_81708	1	3	3733
k141_124342	21	0	1322
k141_216654	2809	58	2762
k141_95943	19	11	1978
k141_134977	889	549	1539
k141_174088	2386	9	2252
k141_71041	1299	840	28796
k141_213105	0	2	1061
k141_152745	1	29	5258
k141_191807	54	51	9799
k141_181169	0	31	9545
k141_163405	14	8	2246
k141_209587	6	39	1496
k141_60444	865	328	4630
k141_67541	3129	1	0
k141_35569	65	23	5341
k141_63985	236	248	10889
k141_24970	25	3	2078
k141_117272	2	12	2887
k141_32079	3773	72	3523
k141_17868	0	0	4421
k141_88889	650	220	2937
k141_7204	294	385	2883
k141_3636	5	10	3213
k141_127952	1	38	3249
k141_159875	4	70	15275
k141_92398	0	2	12813
k141_24983	2908	17486	0
k141_198972	17	12	3188
k141_35581	235	500	2640
k141_46224	0	15	13366
k141_170543	7	0	1053
k141_206076	395	263	10501
k141_181226	0	0	2238
k141_99555	2214	0	0
k141_7206	0	3	1049
k141_191833	1393	525	9264
k141_28494	101	39	4514
k141_145718	468	289	1014
k141_53382	6	17	3767
k141_174174	0	18	3367
k141_124422	12	26	3420
k141_49842	0	4	848
k141_95986	111	75	14229
k141_14275	810	397	5913
k141_209633	49	0	761
k141_110269	508	311	768
k141_56927	13	96	2217
k141_198989	3174	0	0
k141_188329	0	57	13407
k141_67615	2	30	4408
k141_181234	0	0	10171
k141_149318	27	10	2354
k141_85416	13	2	1208
k141_113776	3	2	3942
k141_28504	167	123	7583
k141_152822	190	232	2029
k141_3659	75	778	7902
k141_42717	10780	0	0
k141_32137	64	829	7361
k141_78257	678	636	4325
k141_120900	7	2	3065
k141_71120	1754	559	6005
k141_145761	198	19	1601
k141_17947	0	0	2193
k141_60494	9	25	1877
k141_21448	179	93	13089
k141_163444	1740	525	8333
k141_46258	0	0	5977
k141_74765	3	21	5110
k141_198998	3710	22585	0
k141_64046	349	537	3950
k141_67621	0	0	3381
k141_35654	1	0	856
k141_56961	0	0	2384
k141_81774	382	284	33264
k141_223871	0	0	4976
k141_103210	27	27	4456
k141_120907	0	2	964
k141_113786	153	159	5596
k141_131606	679	473	949
k141_17965	41	402	5862
k141_188381	701	510	911
k141_32157	0	1	4912
k141_106671	108	65	15140
k141_25114	0	0	6474
k141_53417	1505	623	9365
k141_14318	0	3	2735
k141_138681	1	0	15249
k141_110335	2	0	943
k141_220332	24	2	4118
k141_195527	336	405	19155
k141_145804	1964	11893	0
k141_67637	3387	28	3296
k141_167092	10	25	4520
k141_56966	0	0	2845
k141_88992	855	352	5569
k141_103241	297	203	7442
k141_213220	33	67	10943
k141_128039	5	1	7372
k141_174258	19	26	9842
k141_39370	81	56	2767
k141_46287	1029	413	5151
k141_191946	90	39	6765
k141_96034	10760	107	10426
k141_184932	5	33	4974
k141_81816	2157	37	2221
k141_32176	143	574	7188
k141_103253	3616	22374	3
k141_60552	0	0	9997
k141_99665	961	772	1497
k141_206184	6	55	9979
k141_14345	55	21	1824
k141_188423	302	413	3755
k141_56979	392	329	11974
k141_156584	1	0	900
k141_74859	3836	22921	0
k141_7334	568	384	779
k141_3732	183	261	2570
k141_28572	1	0	2762
k141_64056	142	152	26852
k141_128059	5567	24940	1
k141_10917	0	129	9753
k141_174318	114	233	4616
k141_213240	364	578	4110
k141_181340	89	598	5934
k141_35788	2	1	6487
k141_167160	0	46	4490
k141_220398	455	384	821
k141_67740	24	11	1432
k141_163543	10	25	3208
k141_216954	32	8	2802
k141_99688	5427	46	5469
k141_138757	7	28	7402
k141_199124	3744	29	3248
k141_85419	515	340	42120
k141_184980	2366	0	0
k141_110394	640	233	8870
k141_149460	7	74	5057
k141_145906	389	7	4002
k141_174355	0	24	5098
k141_213271	2	0	850
k141_202769	499	1	1888
k141_103338	613	227	4542
k141_96121	2554	18	2553
k141_110409	9	71	1547
k141_192022	0	0	7400
k141_28623	11	32	4812
k141_216966	6	41	2317
k141_152974	0	1	2700
k141_81896	27	270	4095
k141_89078	357	445	5864
k141_117491	219	292	2962
k141_145924	0	1	2186
k141_209794	684	212	3830
k141_67768	3121	8	3030
k141_46386	6	11	624
k141_42973	0	49	5685
k141_145931	3	43	4037
k141_220449	1	6	4745
k141_131803	10	23	5691
k141_202793	1	34	6506
k141_85450	10	8	7410
k141_224012	3	0	2042
k141_206240	51	79	17269
k141_152982	3773	21960	0
k141_14456	3	16	988
k141_170740	1	5	15773
k141_128146	192	171	4451
k141_156742	29	12	1564
k141_50100	2018	13062	0
k141_135268	911	596	28065
k141_78462	105	263	2110
k141_167262	54	15	2591
k141_174447	7	45	1412
k141_57094	91	23	3975
k141_131818	4042	0	0
k141_43007	1	3	2726
k141_99788	0	2	812
k141_209844	0	0	2372
k141_50104	7	53	6027
k141_121107	8	33	6686
k141_7476	0	277	2597
k141_185099	0	0	721
k141_43016	47	51	2645
k141_202865	2772	0	1
k141_110514	4	21	4945
k141_149566	1	9	3785
k141_213379	0	2	984
k141_124755	10	1	5906
k141_181468	396	609	6015
k141_92659	89	52	4455
k141_110519	16	5	3585
k141_28740	104	150	3716
k141_188630	281	334	3027
k141_53703	6	1	2206
k141_177949	0	0	11916
k141_103490	125	97	1495
k141_156847	175	259	1997
k141_195805	2	92	8761
k141_174543	3057	17330	44
k141_153103	511	212	3638
k141_181505	107	172	3618
k141_220518	43	1	7109
k141_121168	2820	0	0
k141_163729	3015	0	3
k141_64258	0	0	52446
k141_11186	93	36	4383
k141_99890	26	55	6673
k141_103498	373	292	3441
k141_75073	12386	70624	0
k141_117620	0	64	8361
k141_3959	0	18	3883
k141_156868	6231	0	0
k141_174565	0	0	1696
k141_18307	0	0	1265
k141_224095	1	0	4341
k141_50202	684	343	4590
k141_206275	449	238	19535
k141_14605	0	0	5128
k141_89243	317	403	3421
k141_181538	79	0	640
k141_217145	412	583	4819
k141_195851	3362	70	3074
k141_106957	2	0	1997
k141_128299	49	12	1914
k141_7616	371	177	3576
k141_167364	1440	651	8187
k141_21869	11	52	3726
k141_25523	1	2	2603
k141_57200	857	255	2833
k141_14611	4	3	2051
k141_36044	4	35	5528
k141_209957	1	5	2159
k141_135389	13	95	2844
k141_195857	0	26	2736
k141_64302	33	112	4370
k141_18330	4	0	7182
k141_39747	2	1	3445
k141_737	23	2	3044
k141_156906	42	40	7782
k141_82150	113	89	5248
k141_78606	2	1	2520
k141_174607	0	34	5092
k141_181546	12	29	7397
k141_131998	9	43	8740
k141_11195	145	99	19889
k141_146115	689	284	3877
k141_121212	0	4	1463
k141_142610	415	208	3364
k141_199364	4	51	9432
k141_206306	16	13	6635
k141_153195	2	2	1618
k141_96410	1085	362	4466
k141_36084	20	3	3769
k141_32531	178	94	7703
k141_213549	1	0	720
k141_160315	1009	384	6320
k141_28891	0	0	8973
k141_185219	126	191	1550
k141_99961	0	0	6415
k141_32532	205	184	8951
k141_163819	421	236	3452
k141_114020	477	323	45120
k141_135429	2	4	3049
k141_142635	39	21	3111
k141_68034	0	95	14398
k141_217229	7	37	1493
k141_174639	1	0	2059
k141_799	29	144	3453
k141_85648	84	24	1511
k141_185221	0	0	1017
k141_224173	1	33	1791
k141_210024	150	166	5424
k141_156967	9	44	1752
k141_181598	40	8	5333
k141_121254	3	0	3027
k141_107036	624	237	3361
k141_178090	0	1	9100
k141_185233	541	171	2826
k141_146181	604	235	4109
k141_220647	5	28	4308
k141_64412	3111	0	0
k141_124976	151	19	969
k141_28904	17	52	8212
k141_192234	716	478	55542
k141_89334	39	90	18223
k141_174679	17	37	6245
k141_185245	261	144	2720
k141_39887	2	0	1833
k141_14699	0	3	1425
k141_195920	279	228	27215
k141_153244	13	51	7935
k141_25635	12	32	5991
k141_75276	38	5	3442
k141_68108	129	117	3822
k141_11296	8	90	8665
k141_4136	42	27	2069
k141_114078	1	5	5627
k141_217309	17	2	2581
k141_128443	0	2	889
k141_174734	3	21	4312
k141_149828	5	1	5556
k141_139112	46	14	2839
k141_117793	3330	17	3239
k141_57307	39	93	15131
k141_71668	29	15	3102
k141_61055	0	4	1480
k141_185288	3	0	1395
k141_135523	75	27	2578
k141_85704	0	24	7070
k141_132151	4730	37	4060
k141_188939	5	0	2471
k141_153262	5150	42	4613
k141_206420	2179	852	10086
k141_167491	0	136	15383
k141_39954	3830	0	4
k141_195962	20	19	7275
k141_146263	3	6	4601
k141_224279	1610	10729	0
k141_210150	401	377	12925
k141_114092	0	4	16045
k141_82256	497	366	40160
k141_92871	25	9	24844
k141_43476	0	0	801
k141_195972	0	0	4776
k141_199553	6	42	1939
k141_188970	9	1	1251
k141_61078	2	14	9248
k141_85726	74	29	5212
k141_206460	509	182	2665
k141_217381	1	53	9124
k141_174808	438	173	3057
k141_195986	6	35	4119
k141_46860	95	44	6810
k141_57340	1	0	15457
k141_43503	56	19	2870
k141_82301	279	236	7163
k141_210168	151	102	5747
k141_128531	10	23	5635
k141_125116	0	12	6797
k141_32735	2925	18	2768
k141_107178	1	25	5317
k141_68241	6	1	2616
k141_203328	17	2	1147
k141_89481	3	1	2743
k141_206502	210	204	10701
k141_54099	11	0	12730
k141_32742	586	317	898
k141_14837	9	62	2894
k141_146332	5	63	7075
k141_210193	0	0	2080
k141_43543	1	5	1536
k141_40069	4296	24983	0
k141_64635	5257	0	1
k141_167592	3	43	5008
k141_14838	35	5	3857
k141_153374	0	122	12011
k141_22158	0	2	2192
k141_11472	9	48	1432
k141_43563	19	4	4298
k141_125136	14	55	10664
k141_203343	0	36	10070
k141_139247	2515	0	0
k141_171104	675	867	8183
k141_22164	0	0	5567
k141_4331	0	68	11619
k141_11485	93	58	6578
k141_167615	3135	2	0
k141_217469	3096	19087	0
k141_57392	602	368	837
k141_189067	399	813	5592
k141_153380	106	69	5036
k141_61247	595	268	3782
k141_107230	3114	0	0
k141_157354	11	50	3528
k141_167620	0	0	1462
k141_54125	222	98	9557
k141_192547	0	38	5382
k141_14887	10	45	4966
k141_93007	3124	0	1
k141_43597	41	34	4477
k141_135687	0	4	9649
k141_11501	0	0	1935
k141_149953	162	168	1900
k141_189094	0	1	7511
k141_46996	777	490	1225
k141_107255	5	3	2819
k141_96819	2390	9	2293
k141_78930	372	126	9514
k141_203401	7	33	9315
k141_36537	1	4	1602
k141_132373	3337	19902	0
k141_89616	0	3	1080
k141_114261	0	0	1200
k141_96823	0	2	1009
k141_143054	0	45	6242
k141_178382	8	15	3164
k141_199717	0	2	1870
k141_118062	0	21	3141
k141_1214	0	0	777
k141_104002	3	85	11907
k141_100304	185	186	7821
k141_75612	5	92	1687
k141_160676	30	55	9319
k141_22247	49	450	5980
k141_96827	88	171	8939
k141_50632	17	7	2129
k141_121553	2582	0	0
k141_36562	0	4	1098
k141_157386	90	192	26295
k141_167684	940	572	1426
k141_160692	511	412	792
k141_192627	736	403	4846
k141_32925	8	0	2454
k141_185522	1	26	4186
k141_164150	489	157	4091
k141_82510	0	2	1027
k141_14935	609	224	4869
k141_210363	4	32	3552
k141_178406	0	60	4011
k141_125249	1056	717	24456
k141_189165	86	41	3644
k141_96840	242	182	2206
k141_196219	3	40	3283
k141_146501	0	47	6391
k141_132426	684	185	1702
k141_185525	5	72	4431
k141_75628	21	12	10532
k141_128690	8	17	6089
k141_210369	276	266	11142
k141_78995	13	9	1996
k141_43707	2714	15828	0
k141_150008	1481	562	7683
k141_32951	121	16	2599
k141_14958	4	16	3283
k141_8070	100	10	2714
k141_132456	2882	0	0
k141_139439	1	1	1811
k141_22326	183	249	9694
k141_199787	379	174	2728
k141_68446	255	420	11808
k141_125281	4830	59	3859
k141_175096	6	43	1411
k141_143163	3	0	2133
k141_100317	11	133	24350
k141_71990	1	26	3387
k141_213966	336	289	9799
k141_89711	538	371	998
k141_18928	8	76	2093
k141_104137	191	19	2394
k141_11598	11143	124	11760
k141_4489	12	104	2635
k141_47114	0	2	1179
k141_75679	1	3	1393
k141_36632	13	3	4099
k141_153559	2	0	2209
k141_132460	0	0	12248
k141_206777	423	212	3327
k141_71997	0	0	1990
k141_8072	177	101	14480
k141_146576	0	65	5298
k141_93148	133	72	6659
k141_118153	106	62	4397
k141_22362	79	198	1505
k141_68480	0	9	670
k141_160782	0	0	3341
k141_64934	16	55	10140
k141_96941	24	38	5971
k141_89731	276	302	3591
k141_175132	2702	0	0
k141_153570	53	28	5143
k141_192753	9	34	1993
k141_171310	4324	86	4712
k141_4526	60	22	2499
k141_82612	16	24	8637
k141_206786	1	32	6148
k141_36652	3	6	4182
k141_213974	427	731	5159
k141_139475	6775	42	5935
k141_175139	243	285	2807
k141_25683	1603	1052	149811
k141_224570	0	26	4990
k141_33023	88	47	6227
k141_1380	808	612	1236
k141_150092	1	0	1766
k141_111240	2075	738	15435
k141_4539	150	177	4145
k141_93174	57	23	2638
k141_104194	1	0	1480
k141_199853	23	54	6279
k141_175148	13	6	1144
k141_89766	1807	10729	0
k141_160821	147	258	3687
k141_64973	14	17	5948
k141_143228	724	94	10161
k141_40443	679	481	4414
k141_214006	296	316	11354
k141_139494	14	216	3296
k141_185641	8	74	11556
k141_203643	5	1	1657
k141_132526	5177	31	4874
k141_72058	4	67	6529
k141_8161	0	3	935
k141_192813	6	3	3355
k141_107436	0	1	12725
k141_224596	7	11	1959
k141_128810	2994	18145	0
k141_221132	0	0	4965
k141_15057	7	0	2365
k141_36717	5021	0	0
k141_178568	5	180	3301
k141_25732	9	51	2093
k141_111297	55	8	5971
k141_185665	0	1	827
k141_125379	1	2	19624
k141_50845	2693	16798	0
k141_54393	355	400	7551
k141_93211	0	17	4056
k141_157658	134	46	4119
k141_146682	3	12	2010
k141_43893	4	0	2792
k141_29465	13	1	9050
k141_125398	135	5	2778
k141_182223	98	767	9585
k141_89836	1	1	13445
k141_210537	59	27	13513
k141_68630	709	593	1352
k141_121768	37	21	1315
k141_139549	0	0	958
k141_217840	166	436	1814
k141_75832	7064	32	6492
k141_114359	658	481	61613
k141_189454	1	14	4251
k141_175257	9	40	9220
k141_224637	0	0	2346
k141_47235	2	2	3064
k141_167847	475	302	36077
k141_118319	3	2	8839
k141_185691	17	34	7559
k141_43924	785	331	4107
k141_214043	14	100	15964
k141_40554	86	120	12891
k141_93262	0	1	900
k141_143347	6	63	5565
k141_206880	55	41	10676
k141_29485	2	1	5223
k141_178621	461	171	2892
k141_33207	0	0	1931
k141_22510	1379	510	12315
k141_89886	13	6	2032
k141_175284	40	35	3948
k141_43929	3217	19101	0
k141_160935	58	28	3371
k141_189475	1190	502	5643
k141_111405	7	8	4017
k141_139578	0	0	963
k141_175286	25	2	1688
k141_157759	4	6	4555
k141_33222	193	293	10211
k141_82799	461	318	9696
k141_182294	49	28	3405
k141_114402	7	20	3174
k141_4735	2	3	2642
k141_200006	18	379	4854
k141_43934	0	0	5190
k141_221207	6	1	8982
k141_146708	3	78	14960
k141_93284	681	251	4540
k141_121806	25	28	3484
k141_203786	165	234	1872
k141_79245	11	56	7792
k141_182300	6	15	4648
k141_61749	1	0	891
k141_75894	544	182	4900
k141_22544	7	3	1712
k141_43938	0	0	1159
k141_82813	16	16	5518
k141_153765	2	0	996
k141_114411	3	1	1662
k141_47239	14	17	18156
k141_175339	145	395	1832
k141_214100	959	509	1384
k141_33252	540	175	4011
k141_107542	3	17	4808
k141_22553	471	147	2708
k141_75909	13	91	3083
k141_125530	6	3	3944
k141_157813	13	13	4669
k141_175342	2643	11	2564
k141_100613	7660	50	7110
k141_1630	2361	0	0
k141_206951	0	2	765
k141_121827	276	191	10610
k141_43939	3	8	2242
k141_143441	0	0	882
k141_79259	228	278	2895
k141_82824	214	22	4426
k141_72206	1645	635	10565
k141_125536	0	3	1032
k141_1631	30	3	1718
k141_4759	1	0	4763
k141_29499	11	11	10279
k141_196628	31	563	6043
k141_93331	765	270	3798
k141_40661	509	674	5802
k141_97222	1	32	5199
k141_224711	7740	67	8145
k141_125542	5	16	4848
k141_153792	2	23	2654
k141_54585	0	37	5700
k141_178698	3476	21154	3
k141_210697	0	1	4127
k141_68742	8141	46	7700
k141_19286	193	61	1788
k141_1649	8	9	3024
k141_104468	0	0	978
k141_206982	6	12	3869
k141_132778	1413	501	5982
k141_193030	9	33	4284
k141_86279	6	23	3873
k141_36787	1038	1286	12163
k141_175394	41	38	6632
k141_51027	373	301	3418
k141_8324	2925	1316	17840
k141_19297	0	4	1002
k141_118484	3	119	5383
k141_68744	13	39	8327
k141_82870	2718	0	0
k141_221282	1	62	11495
k141_224734	1	1	2026
k141_125563	163	12	2350
k141_47331	13	64	1578
k141_160995	11006	65	10445
k141_203909	33	11	6899
k141_168002	0	114	8413
k141_104497	28	484	5655
k141_40752	29	46	2810
k141_8341	166	421	1995
k141_68756	7	6	3474
k141_90037	2187	788	13609
k141_157952	99	58	3990
k141_100703	0	0	5116
k141_54642	14	8	6671
k141_182376	75	148	25810
k141_97308	925	351	4599
k141_189663	1405	537	7010
k141_15322	26	7	1942
k141_139667	498	321	33050
k141_107613	0	0	8338
k141_136256	2	1	9013
k141_161022	717	464	18586
k141_221296	1108	1029	1576
k141_224749	1026	947	1732
k141_218055	1	19	6158
k141_57921	3038	0	0
k141_146878	1	0	5634
k141_143585	0	0	890
k141_185901	18	0	1551
k141_157971	10	37	6243
k141_65370	1	32	591
k141_36846	5	26	1544
k141_171582	1929	717	12459
k141_189667	9	48	5886
k141_193094	13	85	8187
k141_86336	18	25	13929
k141_196776	6	44	1684
k141_114553	4	3	3611
k141_182390	343	531	4235
k141_65389	114	159	1420
k141_33478	2	1	3329
k141_47395	446	415	15223
k141_121939	12	135	5423
k141_57933	1	1	1754
k141_8371	15	1	10551
k141_22680	5788	19	5494
k141_104560	235	242	2003
k141_143609	44	13	2282
k141_118547	2	0	1183
k141_157994	85	34	5185
k141_111670	5	22	5307
k141_175564	6	46	3884
k141_164550	909	1282	10482
k141_44141	5	0	5371
k141_221314	113	83	7046
k141_51155	2	1	1557
k141_54704	225	83	2746
k141_200263	0	0	6561
k141_114568	21	6	3392
k141_8387	2	0	4076
k141_107669	2850	79	2899
k141_36861	280	240	13195
k141_196785	4780	28795	0
k141_224793	8	38	4196
k141_76146	7549	76	828
k141_178773	51	53	18056
k141_1822	0	42	4618
k141_221334	2727	0	0
k141_8403	538	449	883
k141_214334	146	145	1369
k141_210832	0	222	19276
k141_83018	887	533	1142
k141_189693	1246	647	16570
k141_65470	0	24	6925
k141_26139	0	0	1014
k141_90187	0	18	5742
k141_100821	193	195	3963
k141_111743	9	6	5518
k141_125614	515	316	48491
k141_143693	1	0	3790
k141_4987	0	42	3635
k141_196789	249	154	11238
k141_79465	43	9	1706
k141_47453	163	71	7254
k141_57983	0	0	14419
k141_19592	0	0	1923
k141_196793	561	455	1085
k141_100843	2	4	854
k141_114577	40	74	16115
k141_133044	27	29	3786
k141_40984	3748	20572	5
k141_79483	5	0	3954
k141_111768	22	426	2994
k141_47456	745	255	3752
k141_62123	0	10	4118
k141_146987	214	120	11078
k141_171620	209	149	29233
k141_175699	9	22	4108
k141_5023	1	1	4357
k141_12229	236	123	3443
k141_19603	7	79	2572
k141_210918	567	359	798
k141_93601	101	39	3316
k141_68929	461	396	4439
k141_83070	237	74	5830
k141_51217	383	469	4580
k141_182531	7	11	1795
k141_143729	0	1	824
k141_107744	1914	828	12052
k141_207233	38	50	9546
k141_193234	0	0	1349
k141_79490	0	1	3052
k141_218285	1	1	1514
k141_147015	0	2	4144
k141_62154	587	221	3452
k141_5054	0	4	854
k141_19637	142	1	2361
k141_111773	247	84	15537
k141_54854	1	2	3651
k141_97514	0	0	803
k141_44286	0	77	9656
k141_196857	103	157	5739
k141_33649	13	54	10525
k141_83102	4	0	7225
k141_79491	4234	24957	0
k141_154115	1	0	1193
k141_104776	0	27	6475
k141_218288	11	44	8491
k141_200421	979	289	4773
k141_214444	7	21	11194
k141_68977	144	29	3058
k141_171661	7	0	4323
k141_182604	1	3	1989
k141_168279	6	7	5092
k141_189849	4191	26057	2
k141_97544	19	11	4265
k141_58049	3798	22313	1
k141_224930	1	0	11104
k141_54892	373	361	2541
k141_193289	44	7	3598
k141_196908	5	0	1823
k141_133084	2823	1180	16688
k141_37015	1270	471	5808
k141_218319	4860	46	4261
k141_47569	56	185	1514
k141_104813	261	400	3149
k141_83151	3249	0	0
k141_26324	22	25	8655
k141_5123	330	416	3333
k141_178944	18	48	5905
k141_97572	136	265	2013
k141_76461	1	34	3632
k141_196945	2	0	866
k141_19749	1	0	1868
k141_133110	11	1	757
k141_125802	0	0	4549
k141_150638	375	501	4367
k141_41190	693	450	14406
k141_54930	44	15	2202
k141_224956	13	82	2201
k141_118827	0	54	6193
k141_182665	3	61	6066
k141_211028	10	24	8242
k141_26353	1	1	4011
k141_90425	4277	0	0
k141_186217	145	6	2377
k141_79581	6	6	950
k141_44421	8	18	5658
k141_122206	26	8	4286
k141_161369	5	10	2328
k141_125807	136	16	3404
k141_101031	290	102	2970
k141_196956	926	451	6364
k141_83199	0	0	934
k141_114750	0	13	3372
k141_47575	18	84	13814
k141_158393	0	0	5421
k141_214523	1863	8	4625
k141_8681	5541	44	5557
k141_143894	449	177	3359
k141_26384	0	0	1851
k141_204312	0	0	2359
k141_2139	0	20	5874
k141_97624	0	0	5356
k141_65786	9	114	2825
k141_224994	2134	0	0
k141_47583	179	278	2057
k141_51426	111	23	620
k141_41246	3	86	4040
k141_33756	9017	54369	2
k141_182719	2279	13293	0
k141_22992	29	23	5821
k141_161393	3031	12	2663
k141_54989	12	34	8511
k141_125816	1279	596	9970
k141_154250	3	29	4953
k141_122235	1	1	8088
k141_2151	0	0	7875
k141_190009	2	29	4607
k141_158447	6	0	1780
k141_23001	28	0	1431
k141_33777	0	1	847
k141_19877	56	17	1996
k141_54994	24	35	4966
k141_179052	0	0	5923
k141_140072	8	88	3416
k141_214564	69	18	2999
k141_111990	2	0	3500
k141_30028	126	180	1482
k141_225023	76	549	4178
k141_101108	48	9	3744
k141_118945	1	2	1757
k141_150696	180	94	6673
k141_221634	1	4	2735
k141_41293	0	0	2700
k141_190027	169	336	1767
k141_83252	598	768	6783
k141_12506	701	940	7060
k141_182764	117	83	11476
k141_176035	3081	0	1
k141_114845	6	3	2353
k141_5284	0	0	926
k141_164900	20	1	1858
k141_193447	2925	21	3208
k141_104992	10	50	9246
k141_8799	19	0	986
k141_133289	7	13	4310
k141_143943	325	226	28489
k141_62464	3898	56	4165
k141_76664	686	247	3108
k141_140102	19	6	7411
k141_30078	2	13	644
k141_136672	1	1	1413
k141_51509	3280	0	0
k141_168470	833	303	5562
k141_33870	0	0	914
k141_186350	0	0	1326
k141_79650	26	63	16824
k141_119001	109	53	4518
k141_190044	58	75	13436
k141_176072	3930	36	3704
k141_69282	505	399	766
k141_218529	4	36	4088
k141_125917	0	1	1980
k141_83309	0	49	4448
k141_147291	3126	62	2979
k141_15792	81	36	3278
k141_161478	1	1	2699
k141_171855	19	12	8000
k141_214620	10	11	1530
k141_207474	30	124	14243
k141_182809	4185	25857	2
k141_19998	0	0	4334
k141_33898	0	11	3811
k141_30110	86	90	2823
k141_147292	13	52	4206
k141_168491	760	472	1048
k141_158569	3779	0	0
k141_114888	73	245	1455
k141_225108	0	0	1574
k141_221739	474	340	11459
k141_164961	8	14	2525
k141_76771	0	0	1416
k141_133369	19	5	1410
k141_90672	78	134	6066
k141_161501	5592	69	5061
k141_125939	5261	32017	0
k141_112171	7	44	1544
k141_150718	6	21	25201
k141_190125	31	6	670
k141_83323	11	70	11683
k141_105108	0	0	4294
k141_225118	7	33	3518
k141_119065	4070	23810	0
k141_5354	0	3	1311
k141_197212	69	365	4155
k141_164968	165	190	1850
k141_69351	19	42	6547
k141_182873	0	12	4611
k141_90676	16	14	5953
k141_66045	46	16	2386
k141_158643	67	123	2250
k141_204533	761	338	4235
k141_58253	316	172	18573
k141_23165	3	1	1844
k141_69359	10	37	1873
k141_12665	73	18	3462
k141_207553	7	10	577
k141_47822	0	3	1199
k141_86828	3	49	1820
k141_15879	44	163	5219
k141_90704	26	2	2997
k141_20083	305	190	8515
k141_69361	328	128	2871
k141_136779	1	3	1742
k141_66067	6	49	1600
k141_79716	0	40	8709
k141_179169	582	804	7083
k141_2346	3	41	6327
k141_5380	23	27	6938
k141_58262	0	0	916
k141_41553	0	0	982
k141_12693	1950	19	2127
k141_144038	11208	66649	2
k141_171952	108	73	4415
k141_105177	0	119	6453
k141_26703	365	242	10215
k141_136796	3271	0	0
k141_214682	607	834	6719
k141_37334	3	1	1502
k141_8975	293	396	3242
k141_55224	171	63	6710
k141_211380	81	32	813
k141_79738	21	14	2239
k141_200862	0	3	1281
k141_204610	1	0	4341
k141_5405	2130	8	2098
k141_101350	70	159	6745
k141_214685	139	155	2290
k141_122504	2	0	5322
k141_158711	4062	0	0
k141_105202	0	3	1299
k141_72982	0	2	830
k141_62684	0	0	5125
k141_5409	2	1	2008
k141_129660	5410	24	5206
k141_55244	2	23	579
k141_112286	4904	0	4
k141_41605	98	120	6126
k141_140323	546	167	5418
k141_176340	0	47	2825
k141_105223	3246	20302	1
k141_20205	6	0	2142
k141_55259	22	5	5426
k141_183031	0	3	1051
k141_76975	2	1	2377
k141_9021	0	0	678
k141_119248	70	39	2601
k141_47925	236	45	800
k141_221867	0	0	828
k141_158771	7	60	1983
k141_129680	863	619	1399
k141_119252	0	0	872
k141_62720	11	4	2605
k141_207635	1	1	4295
k141_90781	2653	940	15874
k141_161670	4697	28668	0
k141_211451	0	26	3961
k141_179242	158	96	13982
k141_112327	0	0	10208
k141_168706	0	1	3960
k141_101434	111	32	3240
k141_41694	1	3	952
k141_176402	4306	14	4400
k141_204709	5	58	9628
k141_126143	3722	22667	0
k141_225274	22	9	4076
k141_108251	785	563	21642
k141_44956	6	38	7078
k141_183107	0	0	970
k141_16018	428	151	7870
k141_133611	3115	4	3160
k141_12813	1	14	11221
k141_98032	4562	26223	2
k141_129703	4827	23	3935
k141_51830	107	4	1625
k141_79842	85	57	4017
k141_211471	10	0	4256
k141_144178	1027	515	5622
k141_90799	4	2	11205
k141_225290	680	450	919
k141_150909	6109	25	6157
k141_98039	0	6	985
k141_197473	0	0	2496
k141_69575	120	243	3588
k141_112387	0	1	1972
k141_9110	26	23	5067
k141_183144	209	226	2250
k141_44988	2	58	4803
k141_83553	1146	408	6552
k141_2560	2637	21444	0
k141_20366	2379	20	2128
k141_126204	58	52	2875
k141_129736	0	3	864
k141_214804	6	93	2211
k141_66313	321	639	3958
k141_168732	0	12	10633
k141_77062	17	4	4352
k141_101505	1233	13166	0
k141_51898	25	2	1878
k141_90836	13	1	6118
k141_34228	3	0	3213
k141_136976	602	229	3516
k141_98043	1610	713	10766
k141_165208	174	321	2896
k141_190433	9	119	10102
k141_20398	52	32	3366
k141_41753	195	72	8301
k141_154612	28	56	12359
k141_105398	10	17	10328
k141_218987	0	0	2492
k141_48056	0	0	975
k141_108353	507	248	4460
k141_9175	541	211	4624
k141_129788	29	5	1833
k141_20430	9	15	2890
k141_186752	17	9	3023
k141_51928	0	27	3645
k141_23445	1394	496	5489
k141_16099	894	375	7121
k141_2642	43	11	2444
k141_168761	7330	57	6945
k141_79944	0	0	2127
k141_172180	94	101	3486
k141_161756	1773	674	15995
k141_126281	154	274	1541
k141_105438	23	5	4372
k141_150955	7914	47	7227
k141_112465	22	61	11710
k141_161766	3	49	1305
k141_55532	0	79	4584
k141_193875	1	0	3116
k141_51956	3	0	2886
k141_12966	19	5	1910
k141_159068	66	1	716
k141_20459	4523	24	4591
k141_30473	3134	1339	18499
k141_183304	5	3	3219
k141_161769	0	3	1470
k141_133789	1	10	6938
k141_214863	1798	642	12327
k141_150957	1133	529	6948
k141_197615	12	23	7287
k141_83670	317	236	9930
k141_105448	8079	46848	0
k141_45135	503	426	16988
k141_5678	1	3	1021
k141_119537	720	282	4460
k141_37475	73	167	33668
k141_222071	13	54	6526
k141_27038	3599	18	4628
k141_211674	0	0	7676
k141_87177	206	333	11850
k141_133807	1	0	888
k141_77269	13	2	1695
k141_140600	1066	405	5921
k141_204947	9	31	1271
k141_154727	1	0	9028
k141_150990	162	181	1920
k141_45167	58	3	2397
k141_179319	483	390	57422
k141_186863	46	10	6195
k141_108446	1015	836	1729
k141_201199	16	8	4283
k141_34395	1	87	5098
k141_172269	3	0	9245
k141_87192	0	2	1064
k141_112531	62	120	20243
k141_197695	7	5	1838
k141_225459	13	103	2984
k141_105502	2	3	1933
k141_9297	5923	27	5306
k141_98205	514	295	812
k141_5718	1011	516	7355
k141_27062	2	1	8433
k141_13057	242	266	7159
k141_2805	33	9	3838
k141_30564	2	0	7460
k141_73363	30	22	2295
k141_176774	26	0	1123
k141_77298	96	0	860
k141_219173	2	3	6516
k141_190640	6	58	1907
k141_161843	3	33	1111
k141_63065	0	9	1533
k141_20560	70	45	8086
k141_2811	56	4	3741
k141_140654	4	0	2615
k141_83743	8	10	2093
k141_94405	9	18	3204
k141_176778	0	2	928
k141_225464	451	387	15490
k141_119656	2	0	1944
k141_42030	24	39	4309
k141_211750	1	2	2063
k141_73381	0	1	1005
k141_179370	40	4	1631
k141_27080	1	29	1490
k141_144545	11	1	1374
k141_77317	34	39	7745
k141_112607	547	319	13300
k141_98253	1143	413	5506
k141_129968	4659	0	0
k141_161897	0	0	1858
k141_108508	4	0	9035
k141_48273	6	31	5017
k141_201263	98	59	5198
k141_9368	2	0	964
k141_80123	6	44	6899
k141_222170	3	5	7146
k141_87265	8	48	1494
k141_133938	24	16	10385
k141_112617	4	10	4811
k141_27105	0	6	1799
k141_147733	654	373	56506
k141_179400	10	67	2071
k141_83821	0	8	4372
k141_2853	5465	43	5085
k141_48277	2935	17890	0
k141_55775	0	0	1042
k141_91252	517	177	2752
k141_154859	269	449	15202
k141_126514	32	1	9498
k141_16354	0	0	711
k141_30624	16	108	4961
k141_69952	1	57	6400
k141_108529	8	104	2533
k141_23682	4	2	1607
k141_176889	2216	0	2
k141_2872	0	0	3337
k141_201293	25	6	1482
k141_144607	0	1	962
k141_42097	1444	573	8115
k141_187002	0	26	3562
k141_9396	11	1	3496
k141_34543	8	39	5957
k141_154869	0	2	1111
k141_183561	27	24	3583
k141_172414	177	328	2047
k141_225547	0	1	668
k141_179430	38	5	4073
k141_151086	1296	517	6449
k141_52169	325	224	18308
k141_80140	11	108	3491
k141_16358	296	12	1864
k141_55813	2	42	1991
k141_77405	6	91	13477
k141_172416	23	35	4798
k141_20703	45	2	2793
k141_45369	158	284	1414
k141_83863	60	14	1946
k141_137270	99	34	2654
k141_98286	92	125	20150
k141_13180	16	84	20966
k141_52184	3161	0	0
k141_55818	50	48	2097
k141_144637	2	35	4265
k141_5906	73	36	2947
k141_16376	25	384	3589
k141_115517	9	38	1321
k141_30692	1	16	885
k141_154909	0	0	7070
k141_208090	173	170	8077
k141_45397	123	217	1385
k141_159421	129	64	8793
k141_179460	10458	110	8097
k141_172424	261	368	3291
k141_162008	8	13	6202
k141_52206	2	0	1710
k141_119759	17	41	15432
k141_225552	384	735	5819
k141_140805	120	243	1749
k141_165214	1250	829	108895
k141_42115	28	255	8138
k141_176961	0	2	4860
k141_219321	635	514	5365
k141_190867	2	24	552
k141_147814	31	39	7920
k141_183648	2	9	4006
k141_37712	10	14	4962
k141_27232	935	304	5409
k141_112743	1	4	1907
k141_225561	2013	12701	1
k141_87371	1	106	9349
k141_63307	53	41	9934
k141_162016	0	76	3843
k141_58602	716	493	63024
k141_115558	1	0	2083
k141_208138	28	14	2313
k141_197968	0	11	4094
k141_215138	1228	518	7108
k141_119816	125	167	1492
k141_30762	12	0	3796
k141_140848	4	27	2718
k141_108636	0	85	4453
k141_154957	3731	42	3567
k141_162039	191	177	8423
k141_77533	0	0	6798
k141_177031	36	28	3771
k141_190921	0	91	7507
k141_52275	271	158	2621
k141_55914	5	25	4304
k141_23770	11	0	5067
k141_91446	5191	46	5103
k141_187163	9	62	4927
k141_137388	170	186	1423
k141_73596	24	14	3146
k141_66881	11	37	8559
k141_208172	144	220	1801
k141_225616	489	350	689
k141_159560	5	0	1064
k141_154962	0	0	9691
k141_3078	0	2	1749
k141_190943	1	66	1515
k141_48456	0	68	4254
k141_34706	5192	30432	2
k141_151249	1	2	2076
k141_6004	48	53	6581
k141_172493	4	7	7591
k141_187164	1	39	8473
k141_201490	1	2	935
k141_119860	4624	27	4081
k141_84036	7	35	1430
k141_183719	9	45	7925
k141_177087	564	223	4306
k141_101853	56	222	41359
k141_20874	18	37	8019
k141_112859	480	386	931
k141_45509	2	2	3236
k141_42287	594	200	2855
k141_27376	909	382	5359
k141_222378	0	93	14989
k141_198117	2	24	3628
k141_137430	6	68	2132
k141_94684	79	33	2728
k141_16556	1	0	2024
k141_177137	14	27	4331
k141_52348	3	0	2088
k141_13391	0	0	7718
k141_198124	0	0	2364
k141_165400	9	1	1054
k141_112907	4	23	1535
k141_6107	40	7	2564
k141_183762	11	0	7287
k141_98534	2	0	2056
k141_58694	8683	59	7834
k141_42331	5	38	5989
k141_13420	0	30	645
k141_137453	0	4	858
k141_219518	526	423	836
k141_155073	2062	12856	1
k141_159631	2	13	17369
k141_77698	3	15	2876
k141_52382	1	26	6908
k141_80385	0	67	2426
k141_191051	67	36	2842
k141_225702	4	17	4506
k141_187254	1	0	1456
k141_205444	2543	3	2901
k141_42362	0	1	1994
k141_37904	3	17	3495
k141_91572	78	51	8739
k141_191057	6	0	1177
k141_94763	28	8	2215
k141_98576	7	18	5685
k141_169235	376	219	33035
k141_23887	413	499	4287
k141_155081	282	382	23090
k141_30861	456	258	27579
k141_56070	10	107	11045
k141_73729	7219	60	6657
k141_87534	59	69	3916
k141_198215	50	25	3888
k141_98583	519	178	3340
k141_48565	10288	58	10192
k141_42399	1	4	1887
k141_126910	4616	51	4435
k141_219558	212	91	13471
k141_91606	194	300	2361
k141_84186	120	76	9333
k141_208343	0	0	4884
k141_222470	279	373	2833
k141_73749	24	94	4094
k141_3272	1765	10441	0
k141_21105	59	26	2289
k141_191098	61	0	4832
k141_194436	3	0	2276
k141_183831	9245	65	8592
k141_205492	14	39	7950
k141_134355	4	66	2039
k141_34858	207	205	16026
k141_141100	2	29	5668
k141_77790	10	0	4351
k141_179731	38	91	15077
k141_191107	5	4	2453
k141_145025	0	0	4536
k141_16711	0	0	13653
k141_137493	691	893	7175
k141_37981	3	22	4427
k141_191108	125	164	1622
k141_126970	0	5	818
k141_120105	9	16	3590
k141_162265	246	127	10612
k141_108886	8	26	12029
k141_130428	41	37	5697
k141_77794	0	29	5845
k141_6295	1	0	1810
k141_34877	752	737	22490
k141_102098	4	51	5853
k141_94863	2	11	1614
k141_23977	103	78	8803
k141_52516	1000	365	2810
k141_191116	11	69	4548
k141_80501	1	0	2081
k141_215351	458	307	41239
k141_212259	0	54	3893
k141_91692	2	3	2566
k141_48610	1	1	6855
k141_115866	0	27	7395
k141_6302	44	8	4727
k141_145042	161	105	13504
k141_45778	0	1	1367
k141_98688	1	1	2432
k141_179788	133	205	1517
k141_183896	2	16	4403
k141_102153	2715	22	3185
k141_73818	17	4	6365
k141_115883	111	170	4544
k141_187388	1	8	3836
k141_87682	66	154	5026
k141_222562	2843	18282	3
k141_201770	0	0	11662
k141_177430	14	52	2264
k141_27630	0	9	3440
k141_16797	497	330	689
k141_183911	0	3	980
k141_130475	0	40	4691
k141_113123	0	26	4963
k141_56259	3	0	7016
k141_70560	13	9	2350
k141_38093	25	6	1892
k141_115888	92	0	857
k141_145078	13	13	3332
k141_80538	4	23	3559
k141_169393	6	13	5913
k141_130478	108	147	5003
k141_73836	200	164	1826
k141_162352	3	19	1340
k141_205604	108	59	4835
k141_148162	47	140	23283
k141_27661	41	29	2540
k141_13646	11058	64567	0
k141_169401	590	434	927
k141_201798	9	22	5511
k141_155279	469	332	862
k141_130479	29	46	6353
k141_183951	5	28	1450
k141_205620	17	0	1142
k141_219749	6	32	5962
k141_21305	21	73	9896
k141_34984	531	427	870
k141_215429	0	2	1215
k141_70607	37	0	1822
k141_16839	2297	0	0
k141_48726	0	4	1751
k141_58922	2	14	6360
k141_98786	2751	32	2805
k141_13649	48	12	1720
k141_205622	2785	0	0
k141_67364	57	42	8971
k141_84372	3539	7	6566
k141_73851	0	0	7444
k141_31054	2	12	3017
k141_130497	577	370	792
k141_3486	0	2	1591
k141_98797	1	1	1465
k141_127157	16	2	1736
k141_52668	2758	16761	0
k141_225900	3	70	6667
k141_212290	47	126	26218
k141_162412	99	341	2241
k141_95036	155	145	7802
k141_120284	328	301	7454
k141_113169	1513	684	12006
k141_58944	0	27	6439
k141_219803	0	239	2829
k141_67400	0	1	785
k141_183989	0	85	5813
k141_191294	6	39	1525
k141_225903	3897	0	0
k141_155348	12	28	6235
k141_109063	0	0	3710
k141_201838	21	41	10155
k141_134587	12	119	2896
k141_10097	58	296	4158
k141_38199	3	0	3310
k141_162419	0	4	1335
k141_45993	36	3	2132
k141_95045	101	49	4383
k141_141312	284	400	3219
k141_35079	3085	19	2694
k141_165785	0	0	5433
k141_201849	51	20	2493
k141_191295	1	0	6645
k141_24193	142	100	1308
k141_120303	168	98	11359
k141_27760	0	0	5521
k141_137708	8	16	5433
k141_106477	4117	25942	0
k141_52728	1	0	2278
k141_115969	10	22	10800
k141_172824	234	294	2672
k141_148290	3301	19933	5
k141_201877	46	40	2208
k141_27764	7	4	4421
k141_225930	0	32	7497
k141_123582	2129	12795	0
k141_134621	721	353	4781
k141_31142	359	333	11610
k141_219862	4	72	1963
k141_222715	0	5	861
k141_194677	88	70	2415
k141_6610	51	19	2961
k141_180008	13	53	1779
k141_134630	1982	10	2432
k141_151716	6	25	2905
k141_52746	2224	0	0
k141_187579	0	6	2023
k141_73959	143	119	4646
k141_113228	688	433	1193
k141_123594	11	4	1503
k141_70781	1	13	3633
k141_208652	3127	0	5
k141_219890	629	524	16659
k141_109115	3	31	6263
k141_84556	45	114	3167
k141_24217	4048	26287	0
k141_80721	58	377	3888
k141_92009	2	20	1450
k141_46092	4253	16	4275
k141_222717	6399	166	9133
k141_6652	0	0	3526
k141_162521	1	0	4810
k141_127264	85	78	3817
k141_106533	318	444	3637
k141_59058	2	0	1595
k141_48896	1	3	2304
k141_205843	149	323	1716
k141_13847	154	225	5884
k141_134688	3	46	1771
k141_27840	2381	6	2247
k141_151762	198	27	2471
k141_46122	10	0	1432
k141_205846	37	28	3054
k141_16991	0	0	13351
k141_191437	56	195	5054
k141_194754	8	6	1004
k141_48941	96	119	1884
k141_52797	14	71	11613
k141_205852	1	4	3935
k141_162587	1	2	1715
k141_70860	7	2	5807
k141_184196	5	24	5019
k141_202029	0	1	815
k141_127357	152	169	4800
k141_226031	4	1	1896
k141_191457	3572	14	4029
k141_84672	0	0	7982
k141_202035	0	0	1645
k141_35269	15	14	3237
k141_38347	6503	68	6261
k141_155569	1185	493	6581
k141_222789	0	0	8155
k141_172930	3	2	1519
k141_13915	2203	8	6684
k141_162601	63	1	2377
k141_95250	4	48	1458
k141_184205	4	3	4076
k141_202046	0	26	4099
k141_92136	100	99	13189
k141_212527	12	39	1696
k141_27905	8	40	11056
k141_10328	23	57	12213
k141_191481	591	227	4215
k141_151843	171	280	2334
k141_59135	2	5	3181
k141_127398	1	18	3839
k141_198769	61	109	20285
k141_165989	8	67	1845
k141_202054	3660	0	8
k141_84695	173	101	13511
k141_215750	118	57	4759
k141_130738	9	14	1738
k141_80898	1553	986	2250
k141_102571	148	67	13017
k141_208753	322	582	4256
k141_127402	305	368	13183
k141_184243	1	0	4374
k141_151856	1	4	1554
k141_6893	221	190	1438
k141_148491	48	31	3691
k141_38412	2	0	4479
k141_113438	5	26	3754
k141_84725	2632	0	0
k141_59170	3	3	741
k141_10360	4	3	817
k141_194840	109	193	1592
k141_169793	19	14	1964
k141_123798	36	7	5734
k141_226099	134	75	4955
k141_155664	232	256	2412
k141_59173	8	1	5139
k141_130782	0	0	5348
k141_222867	3	1	5086
k141_27978	491	319	763
k141_134898	1	1	1707
k141_191574	0	0	1558
k141_13988	5320	25	4799
k141_49096	1	0	5391
k141_208781	3	2	18808
k141_141665	7	8	3916
k141_99202	2158	0	0
k141_109161	717	451	64279
k141_80974	3714	3	0
k141_116185	4427	26564	0
k141_162621	16587	94	16096
k141_205968	26	74	13005
k141_134912	388	337	11477
k141_88088	14	0	6003
k141_17134	1331	547	6441
k141_198844	32	52	11205
k141_120647	6	69	2151
k141_35413	7	2	6690
k141_38451	393	363	17097
k141_194893	0	0	4767
k141_222874	492	436	19549
k141_127498	156	172	10434
k141_74275	8	26	5098
k141_120654	1026	342	5418
k141_81010	4402	28	1
k141_24417	7	7	5158
k141_99252	0	2	5576
k141_180244	7	10	12764
k141_102689	13	74	2715
k141_198875	53	394	4363
k141_191604	15	66	11858
k141_17146	4981	48	4878
k141_113542	201	417	3211
k141_53025	8	36	5396
k141_215876	0	0	1983
k141_102691	11	4	3956
k141_166151	2822	0	0
k141_212691	8	3	4114
k141_10455	1754	10958	2
k141_84825	184	97	15070
k141_191613	36	25	2231
k141_113569	54	62	3626
k141_194934	7	8	3018
k141_81049	1	0	5608
k141_180260	0	71	5801
k141_169892	11	52	1274
k141_7084	11	74	1733
k141_162690	182	83	7261
k141_10464	49	7	4858
k141_141813	27	9	1353
k141_81072	12	120	6188
k141_28099	0	0	6708
k141_120748	198	158	8162
k141_99306	16	34	6528
k141_109231	592	672	5348
k141_169924	0	0	1845
k141_31527	11	21	13345
k141_10475	11	77	2380
k141_53077	1	52	4650
k141_24502	1993	11763	0
k141_17166	10	68	15933
k141_212734	9	74	3505
k141_173102	145	92	8296
k141_81082	860	461	1098
k141_53083	0	9	3213
k141_84850	216	95	8986
k141_10479	6	63	6870
k141_81104	583	203	3267
k141_102793	259	16	3385
k141_184472	1	4	1562
k141_141872	6	15	6255
k141_109252	4	4	1943
k141_95489	266	181	22424
k141_155907	7	0	3663
k141_102798	2	39	4357
k141_194994	5	70	8876
k141_95498	0	11	3088
k141_28183	354	279	10540
k141_127636	3956	0	0
k141_53108	168	189	4072
k141_216000	5	0	3871
k141_17221	3346	13	2879
k141_59377	3714	51	3606
k141_84916	0	0	1071
k141_116365	0	22	4229
k141_138134	734	1055	9425
k141_148790	2354	10	0
k141_88232	35	4	2836
k141_38582	365	583	5637
k141_49330	0	0	899
k141_102880	1	0	4074
k141_209035	0	51	7999
k141_170092	0	2	1899
k141_202358	93	123	1440
k141_17249	10	37	1583
k141_38588	377	252	760
k141_31637	0	2	1200
k141_188088	4	2	5736
k141_53136	3544	0	0
k141_170097	1	0	1900
k141_127696	0	0	3345
k141_152166	40	42	9715
k141_109329	569	551	16193
k141_10576	3	11	541
k141_184590	28	55	4820
k141_195038	2	1	983
k141_124098	544	199	2892
k141_102909	6	47	2059
k141_24636	1286	400	6401
k141_59423	3080	0	1
k141_202388	140	212	3780
k141_156067	21	5	1338
k141_138167	0	173	12736
k141_223119	12	0	1673
k141_38633	14	18	4239
k141_188131	0	0	831
k141_124123	10	0	3908
k141_184652	542	185	3397
k141_195085	0	71	6160
k141_127765	22	9	1944
k141_138180	14	5	5389
k141_184677	1	25	3943
k141_162960	245	235	10185
k141_124160	0	0	4374
k141_81365	146	253	2154
k141_148924	0	21	3360
k141_109388	61	68	14481
k141_10653	3936	23856	0
k141_127788	3	0	1972
k141_17339	181	189	5949
k141_53240	30	8	1509
k141_226430	120	44	7701
k141_28330	411	319	35830
k141_95748	1791	4	2339
k141_109393	28	33	5503
k141_173305	4	56	1520
k141_223200	2184	0	0
k141_163001	7	43	1480
k141_28339	3	0	2627
k141_213058	590	248	3940
k141_49492	88	49	3735
k141_188210	0	3	1545
k141_166503	0	41	8153
k141_170295	1	0	3566
k141_148975	0	5	1764
k141_131175	0	0	725
k141_127849	20	282	3538
k141_156258	25	34	6378
k141_138224	734	322	9269
k141_116482	14681	94	14190
k141_49524	124	223	4385
k141_85213	7	57	1597
k141_124262	1	0	2177
k141_116492	0	52	4466
k141_17445	0	3	776
k141_138239	5	27	5404
k141_173383	0	21	1284
k141_24834	1	9	3076
k141_223240	57	21	2633
k141_59599	2501	0	0
k141_81551	2471	0	0
k141_88472	17	71	8007
k141_223253	0	0	687
k141_149067	0	8	1125
k141_170426	4	42	7888
k141_95852	14	51	11586
k141_216331	8	7	9645
k141_180682	85	163	4630
k141_81580	42	5	2664
k141_88496	187	39	2404
k141_170430	0	0	10386
k141_173449	5	12	3699
k141_49645	325	338	8987
k141_149122	52	109	2734
k141_88502	13	39	7842
k141_180706	680	259	3409
k141_209380	20	19	4804
k141_49656	2	0	1396
k141_226581	10	74	2693
k141_109592	0	0	4010
k141_163229	105	3	2827
k141_152494	133	110	16643
k141_109598	2	2	1822
k141_223332	2	9	2873
k141_49677	543	214	4318
k141_38919	16	43	10042
k141_166535	597	406	55997
k141_195293	313	493	3574
k141_81694	21	11	5268
k141_116661	2	12	4768
k141_59723	442	705	5400
k141_226619	0	0	3436
k141_109638	3	5	5464
k141_152562	514	15	1836
k141_131401	2547	0	0
k141_166572	787	286	3510
k141_17633	119	59	5020
k141_223389	77	27	3026
k141_59775	3	23	4420
k141_138515	3509	21927	0
k141_39053	4	43	9561
k141_166639	9	11	2332
k141_180883	0	0	3648
k141_226715	1002	313	6251
k141_216594	6	17	6280
k141_226716	71	32	5214
k141_88771	736	310	4392
k141_180997	10	13	3290
k141_166651	4141	1535	24560
k141_181005	124	16	4101
k141_59956	6	52	1737
k141_109857	826	313	5478
k141_223581	138	47	6239
k141_226814	2510	16447	0
k141_59975	1	1	7244
k141_181079	7	26	3745
k141_117013	207	32	2548
k141_223644	939	348	5907
k141_109939	69	37	6105
k141_60021	90	27	8575
k141_226879	0	101	14000
k141_117032	5928	56	5465
k141_223684	0	3	3250
k141_166857	4	0	1907
k141_226884	97	89	14705
k141_117080	8	3	2855
k141_223712	13	87	3512
k141_117173	2	2	1912
k141_117175	3365	10	3191
k141_60303	49	146	23699
k141_60329	2111	12349	0
	8833930	4354503	22916375
